# ************************************************************
# Sequel Pro SQL dump
# Version 4541
#
# http://www.sequelpro.com/
# https://github.com/sequelpro/sequelpro
#
# Host: localhost (MySQL 5.5.5-10.4.10-MariaDB)
# Database: ACNH_villagers
# Generation Time: 2020-04-26 03:16:48 +0000
# ************************************************************


/*!40101 SET @OLD_CHARACTER_SET_CLIENT=@@CHARACTER_SET_CLIENT */;
/*!40101 SET @OLD_CHARACTER_SET_RESULTS=@@CHARACTER_SET_RESULTS */;
/*!40101 SET @OLD_COLLATION_CONNECTION=@@COLLATION_CONNECTION */;
/*!40101 SET NAMES utf8 */;
/*!40014 SET @OLD_FOREIGN_KEY_CHECKS=@@FOREIGN_KEY_CHECKS, FOREIGN_KEY_CHECKS=0 */;
/*!40101 SET @OLD_SQL_MODE=@@SQL_MODE, SQL_MODE='NO_AUTO_VALUE_ON_ZERO' */;
/*!40111 SET @OLD_SQL_NOTES=@@SQL_NOTES, SQL_NOTES=0 */;


# Dump of table genders
# ------------------------------------------------------------

DROP TABLE IF EXISTS `genders`;

CREATE TABLE `genders` (
  `id` int(11) unsigned NOT NULL AUTO_INCREMENT,
  `gender` varchar(100) DEFAULT NULL,
  PRIMARY KEY (`id`)
) ENGINE=InnoDB DEFAULT CHARSET=utf8;

LOCK TABLES `genders` WRITE;
/*!40000 ALTER TABLE `genders` DISABLE KEYS */;

INSERT INTO `genders` (`id`, `gender`)
VALUES
	(1,'남성'),
	(2,'여성');

/*!40000 ALTER TABLE `genders` ENABLE KEYS */;
UNLOCK TABLES;


# Dump of table personalities
# ------------------------------------------------------------

DROP TABLE IF EXISTS `personalities`;

CREATE TABLE `personalities` (
  `id` int(11) unsigned NOT NULL AUTO_INCREMENT,
  `personality` varchar(30) DEFAULT NULL,
  PRIMARY KEY (`id`)
) ENGINE=InnoDB DEFAULT CHARSET=utf8;

LOCK TABLES `personalities` WRITE;
/*!40000 ALTER TABLE `personalities` DISABLE KEYS */;

INSERT INTO `personalities` (`id`, `personality`)
VALUES
	(1,'먹보'),
	(2,'운동광'),
	(3,'무뚝뚝'),
	(4,'느끼함'),
	(5,'친절함'),
	(6,'아이돌'),
	(7,'성숙함'),
	(8,'단순활발');

/*!40000 ALTER TABLE `personalities` ENABLE KEYS */;
UNLOCK TABLES;


# Dump of table spicies
# ------------------------------------------------------------

DROP TABLE IF EXISTS `spicies`;

CREATE TABLE `spicies` (
  `id` int(11) unsigned NOT NULL AUTO_INCREMENT,
  `spicies` varchar(100) DEFAULT NULL,
  PRIMARY KEY (`id`)
) ENGINE=InnoDB DEFAULT CHARSET=utf8;

LOCK TABLES `spicies` WRITE;
/*!40000 ALTER TABLE `spicies` DISABLE KEYS */;

INSERT INTO `spicies` (`id`, `spicies`)
VALUES
	(1,'개'),
	(2,'개구리'),
	(3,'개미핥기'),
	(4,'고릴라'),
	(5,'고양이'),
	(6,'곰'),
	(7,'늑대'),
	(8,'다람쥐'),
	(9,'닭'),
	(10,'독수리'),
	(11,'돼지'),
	(12,'말'),
	(13,'문어'),
	(14,'사슴'),
	(15,'사자'),
	(16,'새'),
	(17,'소'),
	(18,'아기곰'),
	(19,'악어'),
	(20,'양'),
	(21,'염소'),
	(22,'오리'),
	(23,'원숭이'),
	(24,'쥐'),
	(25,'캥거루'),
	(26,'코끼리'),
	(27,'코뿔소'),
	(28,'코알라'),
	(29,'타조'),
	(30,'토끼'),
	(31,'펭귄'),
	(32,'하마'),
	(33,'햄스터'),
	(34,'호랑이');

/*!40000 ALTER TABLE `spicies` ENABLE KEYS */;
UNLOCK TABLES;


# Dump of table villagers
# ------------------------------------------------------------

DROP TABLE IF EXISTS `villagers`;

CREATE TABLE `villagers` (
  `id` int(11) unsigned NOT NULL AUTO_INCREMENT,
  `spicies` int(11) unsigned NOT NULL,
  `name` varchar(255) NOT NULL DEFAULT '',
  `gender` int(11) unsigned NOT NULL,
  `personality` int(11) unsigned NOT NULL,
  `birthday` varchar(30) NOT NULL DEFAULT '',
  PRIMARY KEY (`id`),
  KEY `Gender_FK` (`gender`),
  KEY `Personality_FK` (`personality`),
  KEY `Spicies_FK` (`spicies`),
  CONSTRAINT `Gender_FK` FOREIGN KEY (`gender`) REFERENCES `genders` (`id`) ON DELETE CASCADE ON UPDATE CASCADE,
  CONSTRAINT `Personality_FK` FOREIGN KEY (`personality`) REFERENCES `personalities` (`id`) ON DELETE CASCADE ON UPDATE CASCADE,
  CONSTRAINT `Spicies_FK` FOREIGN KEY (`spicies`) REFERENCES `spicies` (`id`) ON DELETE CASCADE ON UPDATE CASCADE
) ENGINE=InnoDB DEFAULT CHARSET=utf8;

LOCK TABLES `villagers` WRITE;
/*!40000 ALTER TABLE `villagers` DISABLE KEYS */;

INSERT INTO `villagers` (`id`, `spicies`, `name`, `gender`, `personality`, `birthday`)
VALUES
	(1,1,'카라멜',2,5,'12/27'),
	(2,1,'존',1,3,'11/01'),
	(3,1,'럭키',1,1,'11/04'),
	(4,1,'로빈',1,1,'05/13'),
	(5,1,'토미',1,1,'08/04'),
	(6,1,'블랜더',2,7,'10/25'),
	(7,1,'벤',1,1,'06/10'),
	(8,1,'바닐라',2,5,'11/16'),
	(9,1,'베리',2,6,'06/18'),
	(10,1,'마롱',2,6,'01/11'),
	(11,1,'베이글',2,5,'10/15'),
	(12,1,'챔프',1,2,'11/11'),
	(13,1,'에드워드',1,1,'12/31'),
	(14,1,'땡칠이',1,1,'08/03'),
	(15,1,'한나',2,8,'05/11'),
	(16,1,'밥',1,4,'11/24'),
	(17,2,'레이니',2,5,'02/04'),
	(18,2,'철컥',1,2,'02/13'),
	(19,2,'구리구리',1,2,'02/08'),
	(20,2,'충성',1,3,'06/05'),
	(21,2,'덕',1,2,'10/09'),
	(22,2,'샘',1,3,'08/21'),
	(23,2,'가위',2,6,'01/13'),
	(24,2,'드리미',1,1,'07/08'),
	(25,2,'텀보',1,2,'08/03'),
	(26,2,'왕서방',1,2,'12/17'),
	(27,2,'스트로',1,4,'07/09'),
	(28,2,'카일',1,1,'07/21'),
	(29,2,'에스메랄다',2,5,'10/27'),
	(30,2,'개군',1,1,'06/06'),
	(31,2,'린다',2,7,'08/11'),
	(32,2,'투투',1,3,'07/18'),
	(33,2,'아이다',2,8,'10/02'),
	(34,2,'헨리',1,4,'09/21'),
	(35,3,'사지마',1,3,'03/09'),
	(36,3,'퍼머거',1,2,'10/20'),
	(37,3,'패트라',2,6,'11/09'),
	(38,3,'아롱이',2,6,'02/16'),
	(39,3,'스누티',2,7,'10/24'),
	(40,3,'설백',2,5,'02/06'),
	(41,3,'안토니오',1,4,'05/19'),
	(42,4,'앨런',1,3,'09/06'),
	(43,4,'덤벨',1,3,'09/11'),
	(44,4,'만복이',1,2,'09/12'),
	(45,4,'머슬',1,2,'03/26'),
	(46,4,'보이드',1,3,'10/01'),
	(47,4,'줌마',2,7,'09/01'),
	(48,4,'우락',1,1,'10/18'),
	(49,4,'4호',2,8,'04/14'),
	(50,4,'스나일',1,4,'12/05'),
	(51,4,'릴라',2,6,'11/01'),
	(52,5,'히죽',1,1,'01/01'),
	(53,5,'마르',2,5,'09/25'),
	(54,5,'부케',2,6,'02/27'),
	(55,5,'올리비아',2,7,'02/03'),
	(56,5,'캐비어',2,5,'10/08'),
	(57,5,'백프로',2,6,'06/17'),
	(58,5,'빙티',1,1,'04/11'),
	(59,5,'타마',2,7,'05/29'),
	(60,5,'진상',1,1,'01/12'),
	(61,5,'가북희',1,3,'11/29'),
	(62,5,'1호',1,2,'08/01'),
	(63,5,'제인',2,7,'09/30'),
	(64,5,'호냥이',2,6,'08/13'),
	(65,5,'땀띠',1,2,'08/17'),
	(66,5,'쇼콜라',2,7,'02/15'),
	(67,5,'밴덤',1,3,'12/10'),
	(68,5,'유네찌',2,6,'06/29'),
	(69,5,'예링',2,6,'03/30'),
	(70,5,'사이다',2,5,'03/27'),
	(71,5,'클레오',2,7,'09/22'),
	(72,5,'찰스',1,2,'12/20'),
	(73,5,'쵸이',2,8,'04/27'),
	(74,5,'아이루',1,1,'01/06'),
	(75,5,'잭슨',1,4,'10/01'),
	(76,6,'병태',1,2,'09/26'),
	(77,6,'링링',2,6,'09/09'),
	(78,6,'뚝심',1,3,'07/01'),
	(79,6,'츄양',1,3,'07/22'),
	(80,6,'박하스',1,1,'08/16'),
	(81,6,'거무틱',1,3,'10/23'),
	(82,6,'연유',2,6,'09/15'),
	(83,6,'네이아',2,7,'01/16'),
	(84,6,'무뚝',1,3,'07/31'),
	(85,6,'레이첼',2,6,'03/22'),
	(86,6,'대공',1,3,'5/16'),
	(87,6,'챠미',2,6,'04/17'),
	(88,6,'베어드',1,4,'09/27'),
	(89,6,'곰도로스',1,4,'03/31'),
	(90,6,'캔디',2,5,'03/13'),
	(91,7,'대장',1,3,'12/19'),
	(92,7,'늑태',1,3,'11/05'),
	(93,7,'로보',1,3,'11/25'),
	(94,7,'비앙카',2,7,'09/17'),
	(95,7,'켄',1,3,'02/17'),
	(96,7,'산드라',2,7,'12/14'),
	(97,7,'시베리아',1,3,'12/18'),
	(98,7,'바네사',2,7,'01/26'),
	(99,7,'릴리',2,5,'03/24'),
	(100,7,'리카르도',1,4,'12/06'),
	(101,7,'울프 링크',1,4,'12/02'),
	(102,7,'모니카',2,6,'08/31'),
	(103,8,'핑키',2,6,'06/08'),
	(104,8,'실루엣',2,7,'07/03'),
	(105,8,'리키',1,1,'06/03'),
	(106,8,'레베카',2,7,'09/10'),
	(107,8,'그리미',2,6,'07/19'),
	(108,8,'2호',2,6,'07/02'),
	(109,8,'캐롤라인',2,5,'07/15'),
	(110,8,'라라미',2,5,'06/19'),
	(111,8,'스파크',1,3,'07/09'),
	(112,8,'민트',2,7,'05/02'),
	(113,8,'갈가리',1,3,'09/14'),
	(114,8,'파슬리',2,5,'09/04'),
	(115,8,'나타샤',2,7,'11/30'),
	(116,8,'실바나',2,5,'10/22'),
	(117,8,'다람',2,5,'08/05'),
	(118,8,'크리스',1,2,'02/26'),
	(119,8,'쭈니',1,4,'09/29'),
	(120,8,'아이리스',2,8,'08/30'),
	(121,8,'나기사',2,6,'05/28'),
	(122,8,'미사키',2,5,'07/07'),
	(123,9,'건태',1,2,'10/04'),
	(124,9,'페니실린',1,1,'10/10'),
	(125,9,'김희',1,1,'10/14'),
	(126,9,'에바',2,5,'04/28'),
	(127,9,'아리아',2,7,'12/09'),
	(128,9,'파타야',2,8,'10/12'),
	(129,9,'금끼오',1,3,'11/23'),
	(130,9,'히킨',2,7,'10/24'),
	(131,9,'오골',1,4,'12/23'),
	(132,10,'아폴로',1,3,'07/04'),
	(133,10,'안데스',2,7,'11/19'),
	(134,10,'세바스찬',1,2,'01/08'),
	(135,10,'근엄',1,3,'12/07'),
	(136,10,'쿠스케처',1,3,'02/22'),
	(137,10,'헐크',1,3,'07/30'),
	(138,10,'은수리',1,2,'12/11'),
	(139,10,'프랭크',1,4,'06/01'),
	(140,10,'티파니',2,5,'03/25'),
	(141,11,'햄까스',1,2,'07/26'),
	(142,11,'탱고 [g]',2,6,'07/28'),
	(143,11,'글레이',1,3,'04/07'),
	(144,11,'먹고파',1,1,'12/30'),
	(145,11,'루시',2,5,'06/02'),
	(146,11,'포크',1,1,'09/03'),
	(147,11,'박사',1,2,'10/07'),
	(148,11,'보리',1,3,'11/06'),
	(149,11,'마가렛',2,5,'09/03'),
	(150,11,'체리',2,6,'05/23'),
	(151,11,'꽃지',2,5,'03/05'),
	(152,11,'돈후앙',1,4,'10/13'),
	(153,11,'멧지',1,2,'04/26'),
	(154,11,'브리트니',2,7,'11/14'),
	(155,11,'아그네스',2,8,'04/21'),
	(156,11,'가논',1,3,'02/21'),
	(157,12,'바야시코프',1,2,'04/04'),
	(158,12,'센트엘로',2,6,'07/11'),
	(159,12,'사반나',2,5,'01/25'),
	(160,12,'샤브렌',1,1,'10/05'),
	(161,12,'슈베르트',1,3,'06/16'),
	(162,12,'카로틴',2,6,'01/31'),
	(163,12,'꺼벙',1,4,'09/16'),
	(164,12,'아이소토프',2,7,'02/09'),
	(165,12,'말자',2,5,'11/28'),
	(166,12,'실부플레',2,7,'12/02'),
	(167,12,'마철이',1,1,'05/01'),
	(168,12,'안소니',1,4,'05/22'),
	(169,12,'마사마',1,1,'01/10'),
	(170,12,'유니오',1,4,'03/15'),
	(171,12,'7호 [43]',2,5,'07/11'),
	(172,12,'에포나',2,6,'11/21'),
	(173,12,'리아나',2,8,'06/04'),
	(174,13,'문복',1,3,'09/20'),
	(175,13,'문리나',2,5,'06/26'),
	(176,13,'탁호',1,1,'03/08'),
	(177,13,'멍무리',1,2,'06/02'),
	(178,14,'솔미',2,5,'03/26'),
	(179,14,'록키',1,2,'11/07'),
	(180,14,'넬슨',1,4,'06/07'),
	(181,14,'브루스',1,3,'05/26'),
	(182,14,'나디아',2,8,'05/04'),
	(183,14,'톰슨 [h]',1,4,'08/20'),
	(184,14,'제시카',2,8,'09/19'),
	(185,14,'피터',1,1,'04/05'),
	(186,14,'나탈리',2,7,'01/04'),
	(187,14,'자끄',1,1,'07/27'),
	(188,14,'첼시',2,5,'01/18'),
	(189,15,'선글',1,2,'08/18'),
	(190,15,'킹',1,3,'07/23'),
	(191,15,'렉스',1,1,'07/24'),
	(192,15,'티처',1,2,'08/14'),
	(193,15,'릭',1,2,'07/10'),
	(194,15,'아더',1,2,'08/07'),
	(195,15,'라이오넬',1,4,'07/29'),
	(196,16,'참돌이',1,2,'07/17'),
	(197,16,'파틱',2,7,'12/04'),
	(198,16,'안쵸비',1,1,'03/04'),
	(199,16,'핀틱',2,6,'07/13'),
	(200,16,'딩요',2,2,'02/02'),
	(201,16,'파이프',2,6,'04/18'),
	(202,16,'일섭',2,3,'01/27'),
	(203,16,'핑글이',2,5,'03/12'),
	(204,16,'야곱',1,1,'08/24'),
	(205,16,'마스카라스',1,4,'12/12'),
	(206,16,'쪼끼',1,4,'06/22'),
	(207,16,'문대',1,2,'07/25'),
	(208,16,'춘섭',1,2,'11/20'),
	(209,16,'메들리',2,5,'12/13'),
	(210,17,'반데스',1,3,'04/30'),
	(211,17,'로데오',1,1,'10/29'),
	(212,17,'모리스',1,1,'04월20'),
	(213,17,'티본',1,3,'05/20'),
	(214,17,'철소',1,2,'04/29'),
	(215,17,'노르망',1,3,'12/29'),
	(216,17,'밀크',2,6,'05/10'),
	(217,17,'마틸다',2,7,'08/25'),
	(218,17,'미자',2,5,'09/20'),
	(219,17,'화자',2,7,'02/28'),
	(220,18,'글루민',2,6,'06/24'),
	(221,18,'메이첼',2,5,'06/15'),
	(222,18,'봉추',1,2,'01/02'),
	(223,18,'우띠',1,1,'06/11'),
	(224,18,'아이다호',1,2,'09/28'),
	(225,18,'패치',1,1,'02/10'),
	(226,18,'곰비',1,3,'08/02'),
	(227,18,'머피',1,3,'12/29'),
	(228,18,'올리브',2,5,'07/12'),
	(229,18,'아세로라',2,6,'03/17'),
	(230,18,'메이',2,5,'05/21'),
	(231,18,'재스민',2,5,'05/18'),
	(232,18,'팬타',1,1,'08/06'),
	(233,18,'곰시',1,1,'03/02'),
	(234,18,'아네사',2,8,'06/23'),
	(235,18,'마티',1,1,'04/16'),
	(236,18,'미애',2,7,'03/10'),
	(237,19,'알베르트',1,1,'06/09'),
	(238,19,'크로크',2,7,'11/08'),
	(239,19,'풍작',1,2,'08/07'),
	(240,19,'파도맨 [f]',1,3,'05/27'),
	(241,19,'하이드',1,2,'11/15'),
	(242,19,'앨리',2,5,'05/17'),
	(243,19,'용남이',1,1,'02/12'),
	(244,20,'메리어스',2,5,'04/16'),
	(245,20,'트로와',2,7,'03/28'),
	(246,20,'곱슬이',2,5,'04/03'),
	(247,20,'아크릴',2,5,'04/09'),
	(248,20,'캐시미어',2,7,'04/02'),
	(249,20,'마리',2,7,'11/26'),
	(250,20,'카를로스',1,4,'05/08'),
	(251,20,'눈송이',2,6,'08/15'),
	(252,20,'잔디',2,7,'10/21'),
	(253,20,'웬디',2,8,'07/16'),
	(254,20,'프릴',2,8,'02/14'),
	(255,20,'피엘',1,4,'04/19'),
	(256,20,'에뜨와르',2,5,'12/25'),
	(257,20,'차둘',1,2,'03/18'),
	(258,21,'윤이',2,5,'03/06'),
	(259,21,'순이',2,5,'08/24'),
	(260,21,'힘드러',1,2,'03/25'),
	(261,21,'빌리',1,3,'08/29'),
	(262,21,'벨마',2,7,'01/14'),
	(263,21,'염두리',1,4,'06/28'),
	(264,21,'바바라',2,8,'12/26'),
	(265,21,'래미',1,1,'01/18'),
	(266,22,'코코아',1,2,'02/01'),
	(267,22,'리처드',1,1,'01/03'),
	(268,22,'나키',2,6,'02/23'),
	(269,22,'앤',2,7,'04/08'),
	(270,22,'마리모',2,5,'06/27'),
	(271,22,'주디',2,6,'02/11'),
	(272,22,'스미모',2,7,'11/17'),
	(273,22,'다랑어',2,6,'02/19'),
	(274,22,'봉',1,1,'05/25'),
	(275,22,'푸아그라',1,1,'06/25'),
	(276,22,'지키미',1,2,'06/13'),
	(277,22,'아잠만',1,1,'06/30'),
	(278,22,'미란다',2,7,'04/23'),
	(279,22,'케첩',2,6,'07/27'),
	(280,22,'마릴린',2,7,'08/12'),
	(281,22,'귀오미',2,5,'03/07'),
	(282,22,'덕근',1,4,'12/22'),
	(283,23,'몽돌이',1,2,'06/04'),
	(284,23,'키키',2,5,'08/23'),
	(285,23,'시몬',1,1,'01/19'),
	(286,23,'에이프릴',2,6,'04/02'),
	(287,23,'몽티',1,3,'12/07'),
	(288,23,'몽자',2,7,'03/21'),
	(289,23,'원승',1,2,'11/21'),
	(290,23,'젤리',2,8,'04/10'),
	(291,23,'델리',1,1,'05/24'),
	(292,24,'티미',2,5,'02/18'),
	(293,24,'단무지',1,3,'10/17'),
	(294,24,'이자벨',2,6,'12/28'),
	(295,24,'사라',2,7,'07/07'),
	(296,24,'피스',1,2,'07/05'),
	(297,24,'쟝',1,2,'08/14'),
	(298,24,'사탕',2,6,'04/13'),
	(299,24,'조르쥐',1,3,'01/17'),
	(300,24,'라자냐',2,6,'02/24'),
	(301,24,'브로콜리',1,1,'06/30'),
	(302,24,'핑',1,2,'09/13'),
	(303,24,'마르카',2,5,'06/12'),
	(304,24,'복자',2,7,'09/05'),
	(305,24,'찍순이',2,6,'02/05'),
	(306,24,'치즈',1,4,'12/15'),
	(307,25,'애플리케',2,5,'10/11'),
	(308,25,'안젤라',2,7,'11/12'),
	(309,25,'마미',2,5,'12/05'),
	(310,25,'펑키맘',2,7,'09/08'),
	(311,25,'실비아',2,8,'05/03'),
	(312,25,'관록',1,3,'04/24'),
	(313,25,'마이크',1,3,'12/01'),
	(314,25,'마리아',2,5,'05/31'),
	(315,26,'오팔',2,7,'01/20'),
	(316,26,'휴지',1,1,'07/14'),
	(317,26,'3호',1,1,'10/03'),
	(318,26,'엘레핀',2,7,'12/08'),
	(319,26,'샐리',2,5,'01/28'),
	(320,26,'파올로',1,1,'05/05'),
	(321,26,'엑스엘리',1,2,'03/23'),
	(322,26,'에끌레르',2,5,'05/12'),
	(323,26,'맘모',1,1,'09/07'),
	(324,26,'티나',2,5,'11/18'),
	(325,26,'피카',2,6,'03/06'),
	(326,26,'펑크스',1,3,'06/09'),
	(327,27,'탱크',1,2,'05/06'),
	(328,27,'론다',2,5,'01/24'),
	(329,27,'스쿼트',1,3,'06/17'),
	(330,27,'뿌람',1,1,'03/20'),
	(331,27,'스트로베리',2,5,'03/19'),
	(332,27,'뿔님이',2,8,'05/28'),
	(333,28,'유카리',2,7,'07/20'),
	(334,28,'멜버른',2,5,'08/19'),
	(335,28,'아델레이드',2,5,'04/12'),
	(336,28,'시드니',2,5,'06/21'),
	(337,28,'근성',1,3,'10/13'),
	(338,28,'동동이',1,1,'05/07'),
	(339,28,'캔버라',2,8,'05/14'),
	(340,28,'오즈먼드',1,2,'10/12'),
	(341,28,'코알',1,4,'10/26'),
	(342,29,'택주',2,7,'11/13'),
	(343,29,'빅토리아',2,5,'01/15'),
	(344,29,'샌디',2,5,'10/21'),
	(345,29,'헤르츠',1,2,'12/01'),
	(346,29,'줄리아',2,7,'07/31'),
	(347,29,'타키',1,1,'09/23'),
	(348,29,'케인',1,4,'11/27'),
	(349,29,'신옥',2,7,'12/21'),
	(350,29,'플라라',2,6,'02/09'),
	(351,29,'휘니',2,8,'04/22'),
	(352,30,'릴리안',2,6,'05/09'),
	(353,30,'서머',2,6,'03/14'),
	(354,30,'이요',2,5,'03/01'),
	(355,30,'닌토',1,2,'11/03'),
	(356,30,'대길',1,3,'10/28'),
	(357,30,'패티카',2,6,'12/16'),
	(358,30,'로타',2,6,'06/14'),
	(359,30,'바슬레',2,7,'01/09'),
	(360,30,'토시',1,2,'01/21'),
	(361,30,'루나',2,6,'12/25'),
	(362,30,'토니',1,1,'03/16'),
	(363,30,'비니거',1,1,'12/03'),
	(364,30,'프랑소와',2,7,'01/22'),
	(365,30,'크리스틴',2,6,'08/28'),
	(366,30,'홉킨스',1,1,'03/11'),
	(367,30,'산토스',1,4,'07/24'),
	(368,30,'초코',2,6,'01/06'),
	(369,30,'미미',2,6,'03/03'),
	(370,30,'아마민',1,1,'08/10'),
	(371,30,'미랑',2,8,'07/06'),
	(372,30,'토비',1,4,'07/10'),
	(373,31,'오로라',2,5,'01/27'),
	(374,31,'펭수',1,2,'01/05'),
	(375,31,'빙수',1,1,'01/29'),
	(376,31,'달만이',1,3,'04/06'),
	(377,31,'사브리나',2,7,'10/16'),
	(378,31,'폴라',2,7,'01/23'),
	(379,31,'하키',1,1,'02/21'),
	(380,31,'호떡',1,1,'10/30'),
	(381,31,'팽기',1,1,'02/07'),
	(382,31,'김말이',1,2,'11/02'),
	(383,31,'볼트',1,4,'10/06'),
	(384,31,'레이라',2,8,'09/02'),
	(385,31,'크리미',2,6,'02/20'),
	(386,32,'곤잘레스',1,3,'08/18'),
	(387,32,'차코',2,6,'09/18'),
	(388,32,'베티',2,5,'04/25'),
	(389,32,'가브리엘',1,2,'03/29'),
	(390,32,'비티',2,7,'10/06'),
	(391,32,'올리버',1,3,'01/07'),
	(392,32,'데이빗',1,4,'10/15'),
	(393,33,'햄스틴',1,2,'05/30'),
	(394,33,'애플',2,6,'09/24'),
	(395,33,'글라햄',1,4,'06/20'),
	(396,33,'지미',1,4,'11/10'),
	(397,33,'샨티',2,7,'08/09'),
	(398,33,'햄둥',1,1,'10/19'),
	(399,33,'뽀야미',2,5,'01/30'),
	(400,33,'햄쥐',1,3,'02/25'),
	(401,33,'노리보',1,2,'06/11'),
	(402,34,'호랭이',1,3,'08/22'),
	(403,34,'고메스',1,2,'08/26'),
	(404,34,'티볼트',1,2,'08/19'),
	(405,34,'루주',2,6,'08/27'),
	(406,34,'범호',1,2,'05/15'),
	(407,34,'신디',2,7,'11/22'),
	(408,34,'백희',2,6,'12/13');

/*!40000 ALTER TABLE `villagers` ENABLE KEYS */;
UNLOCK TABLES;



/*!40111 SET SQL_NOTES=@OLD_SQL_NOTES */;
/*!40101 SET SQL_MODE=@OLD_SQL_MODE */;
/*!40014 SET FOREIGN_KEY_CHECKS=@OLD_FOREIGN_KEY_CHECKS */;
/*!40101 SET CHARACTER_SET_CLIENT=@OLD_CHARACTER_SET_CLIENT */;
/*!40101 SET CHARACTER_SET_RESULTS=@OLD_CHARACTER_SET_RESULTS */;
/*!40101 SET COLLATION_CONNECTION=@OLD_COLLATION_CONNECTION */;
